{
	"info": {
		"_postman_id": "a72281a3-a2f8-4037-b1f3-f1919aaba137",
		"name": "Authentication",
		"schema": "https://schema.getpostman.com/json/collection/v2.1.0/collection.json",
		"_exporter_id": "23385203"
	},
	"item": [
		{
			"name": "CustomerLogin",
			"request": {
				"method": "POST",
				"header": [],
				"body": {
					"mode": "raw",
					"raw": "{\r\n    \"email\": \"amir.m.k8012@gmail.com\",\r\n    \"password\": \"amir2\"\r\n}",
					"options": {
						"raw": {
							"language": "json"
						}
					}
				},
				"url": {
					"raw": "http://127.0.0.1:8000/auth/customer/login/",
					"protocol": "http",
					"host": [
						"127",
						"0",
						"0",
						"1"
					],
					"port": "8000",
					"path": [
						"auth",
						"customer",
						"login",
						""
					]
				}
			},
			"response": []
		},
		{
			"name": "BarberLogin",
			"request": {
				"method": "POST",
				"header": [],
				"body": {
					"mode": "raw",
					"raw": "{\r\n    \"email\": \"barber2@domain.com\",\r\n    \"password\": \"barber2\"\r\n}",
					"options": {
						"raw": {
							"language": "json"
						}
					}
				},
				"url": {
					"raw": "http://127.0.0.1:8000/auth/barber/login/",
					"protocol": "http",
					"host": [
						"127",
						"0",
						"0",
						"1"
					],
					"port": "8000",
					"path": [
						"auth",
						"barber",
						"login",
						""
					]
				}
			},
			"response": []
		},
		{
			"name": "BarberSignUp",
			"request": {
				"method": "POST",
				"header": [],
				"body": {
					"mode": "raw",
					"raw": "{\r\n    \"BarberShop\": \"\",\r\n    \"Owner\": \"\",\r\n    \"Parvaneh\": \"\",\r\n    \"phone_Number\": \"\",\r\n    \"email\": \"\",\r\n    \"region\": \"\",\r\n    \"address\": \"\",\r\n    \"password\": \"\"\r\n}",
					"options": {
						"raw": {
							"language": "json"
						}
					}
				},
				"url": {
					"raw": "http://127.0.0.1:8000/auth/barber/signup/",
					"protocol": "http",
					"host": [
						"127",
						"0",
						"0",
						"1"
					],
					"port": "8000",
					"path": [
						"auth",
						"barber",
						"signup",
						""
					]
				}
			},
			"response": []
		},
		{
			"name": "CustomerSignUp",
			"request": {
				"method": "POST",
				"header": [],
				"body": {
					"mode": "raw",
					"raw": "{\r\n    \"first_name\": \"\",\r\n    \"last_name\": \"\",\r\n    \"phone_Number\": \"\",\r\n    \"email\": \"\",\r\n    \"gender\": null,\r\n    \"password\": \"\"\r\n}",
					"options": {
						"raw": {
							"language": "json"
						}
					}
				},
				"url": {
					"raw": "http://127.0.0.1:8000/auth/customer/signup/",
					"protocol": "http",
					"host": [
						"127",
						"0",
						"0",
						"1"
					],
					"port": "8000",
					"path": [
						"auth",
						"customer",
						"signup",
						""
					]
				}
			},
			"response": []
		}
	]
}